32007643	basic reproduction number;betacoronavirus;china;coronavirus infections;covid-19;epidemics;humans;pandemics;pneumonia, viral;sars-cov-2;severe acute respiratory syndrome-related coronavirus
32050635	betacoronavirus;china;coronavirus;coronavirus infections;covid-19;disease outbreaks;female;humans;infant, newborn;pneumonia, viral;pregnancy;pregnancy complications, infectious;sars-cov-2
32068012	betacoronavirus;china;coronavirus infections;covid-19;disease outbreaks;humans;pandemics;pneumonia, viral;sars-cov-2
32088847	betacoronavirus;clinical laboratory techniques;coronavirus infections;cough;covid-19;covid-19 testing;female;fever;humans;male;middle aged;pandemics;pneumonia, viral;sars-cov-2
32096566	bayes theorem;betacoronavirus;coronavirus infections;covid-19;genome, viral;humans;models, statistical;pandemics;phylogeny;pneumonia, viral;rna, viral;sars-cov-2
32100024	betacoronavirus;coronavirus infections;covid-19;humans;pandemics;pneumonia, viral;sars-cov-2
32132521	adult;anxiety;betacoronavirus;china;coronavirus infections;covid-19;cross-sectional studies;female;humans;male;pneumonia, viral;sars-cov-2;sleep;social support;stress, psychological;surveys and questionnaires
32145217	betacoronavirus;coronavirus infections;covid-19;feces;humans;pandemics;pneumonia, viral;public health;sars-cov-2
32179701	bayes theorem;betacoronavirus;china;coronavirus infections;covid-19;humans;models, theoretical;pandemics;pneumonia, viral;prevalence;sars-cov-2;travel
32200654	adolescent;adult;aged;betacoronavirus;child;child, preschool;coronavirus infections;covid-19;female;humans;male;middle aged;pandemics;pneumonia, viral;sars-cov-2;time factors;viral load;young adult
32222253	betacoronavirus;coronavirus infections;covid-19;italy;pandemics;pneumonia, viral;sars-cov-2
32234343	basic reproduction number;betacoronavirus;coronavirus infections;covid-19;disease outbreaks;france;humans;italy;pandemics;pneumonia, viral;sars-cov-2;spain
32239515	coronavirus infections;covid-19;feces;humans;pandemics;sars-cov-2
32240633	betacoronavirus;coronavirus;coronavirus infections;covid-19;humans;pandemics;pneumonia, viral;sars-cov-2;severe acute respiratory syndrome-related coronavirus
32245835	betacoronavirus;clinical laboratory techniques;coronavirus infections;covid-19;covid-19 testing;covid-19 vaccines;humans;pandemics;pneumonia, viral;polymerase chain reaction;sars-cov-2
32246972	betacoronavirus;coronavirus infections;covid-19;humans;pandemics;pneumonia, viral;sars-cov-2
32252855	aerosols;betacoronavirus;china;coronavirus infections;covid-19;feces;humans;pandemics;pneumonia, viral;sars-cov-2
32253318	antibodies, neutralizing;antibodies, viral;betacoronavirus;clinical laboratory techniques;coronavirus infections;covid-19;covid-19 serotherapy;covid-19 testing;female;humans;immunization, passive;male;middle aged;pandemics;pneumonia, viral;rna, viral;sars-cov-2;viral load
32266753	betacoronavirus;coronavirus;coronavirus infections;covid-19;female;humans;pandemics;pneumonia, viral;pregnancy;sars-cov-2;severe acute respiratory syndrome-related coronavirus
32268212	aged, 80 and over;betacoronavirus;biomarkers;coronavirus infections;covid-19;covid-19 serotherapy;covid-19 vaccines;humans;immunization, passive;pandemics;pneumonia, viral;sars-cov-2
32275855	angiotensin-converting enzyme 2;betacoronavirus;humans;peptidyl-dipeptidase a;phylogeny;protein domains;sars-cov-2;severe acute respiratory syndrome-related coronavirus;spike glycoprotein, coronavirus;virus internalization
32278619	betacoronavirus;coronavirus infections;covid-19;female;humans;infant, newborn;pandemics;pneumonia, viral;pregnancy;pregnancy complications, infectious;sars-cov-2
32282344	adult;betacoronavirus;coronavirus infections;covid-19;female;health personnel;humans;male;mental health;middle aged;pandemics;pneumonia, viral;sars-cov-2;young adult
32285949	adult;covid-19;hiv infections;humans;male;pandemics;pneumonia, viral;sars-cov-2;young adult
32291501	betacoronavirus;child;china;coronavirus infections;covid-19;disease progression;humans;pandemics;pneumonia, viral;sars-cov-2;tomography, x-ray computed
32294078	adolescent;adult;anxiety;betacoronavirus;coronavirus infections;covid-19;disease outbreaks;female;humans;male;middle aged;pandemics;pneumonia, viral;sars-cov-2;sleep;stress, psychological;young adult
32294667	basic reproduction number;betacoronavirus;brazil;contact tracing;coronavirus infections;covid-19;humans;models, statistical;pandemics;pneumonia, viral;quarantine;sars-cov-2
32298273	angiotensin-converting enzyme 2;animals;coronavirus infections;covid-19;humans;mice;pandemics;peptidyl-dipeptidase a;pneumonia, viral;severe acute respiratory syndrome-related coronavirus
32301809	betacoronavirus;coronavirus infections;covid-19;humans;infection control;infectious disease transmission, patient-to-professional;pandemics;pneumonia, viral;sars-cov-2
32304928	adult;betacoronavirus;coronavirus;coronavirus infections;covid-19;female;humans;mental health;middle aged;pandemics;pneumonia, viral;sars-cov-2;social isolation;stress, psychological
32311499	betacoronavirus;clinical laboratory techniques;coronavirus infections;covid-19;covid-19 testing;female;humans;incidence;middle aged;pandemics;pneumonia, viral;prognosis;sars-cov-2;tomography, x-ray computed
32311790	adult;age factors;aged;aged, 80 and over;betacoronavirus;china;comorbidity;coronavirus;coronavirus infections;covid-19;female;hospital mortality;humans;male;middle aged;pandemics;pneumonia, viral;prognosis;retrospective studies;risk assessment;roc curve;sars-cov-2;sensitivity and specificity
32315756	betacoronavirus;coronavirus infections;covid-19;humans;pandemics;pneumonia, viral;sars-cov-2
32319129	adolescent;betacoronavirus;child;child, preschool;coronavirus infections;covid-19;humans;infant;pandemics;pneumonia, viral;practice guidelines as topic;sars-cov-2
32321654	betacoronavirus;coronavirus;coronavirus infections;covid-19;humans;pandemics;pneumonia, viral;sars-cov-2
32322046	aged;aged, 80 and over;betacoronavirus;china;coronavirus infections;covid-19;cross-sectional studies;female;humans;inpatients;male;middle aged;pandemics;pneumonia, viral;prevalence;risk factors;sars-cov-2
32327321	aged;betacoronavirus;coronavirus infections;covid-19;humans;pandemics;pneumonia, viral;sars-cov-2;telemedicine
32330531	adult;aged;betacoronavirus;coronavirus infections;covid-19;female;hospitalization;humans;male;middle aged;pandemics;pneumonia, viral;referral and consultation;risk assessment;sars-cov-2;telemedicine;triage
32333026	betacoronavirus;coronavirus infections;covid-19;humans;pandemics;pneumonia, viral;sars-cov-2
32338809	betacoronavirus;communicable disease control;coronavirus infections;covid-19;delivery of health care;female;humans;male;pandemics;patient safety;patient selection;pneumonia, viral;risk assessment;sars-cov-2;telemedicine;time factors
32339218	china;covid-19;health personnel;hospitals;humans;retrospective studies;risk factors;sars-cov-2;sleep
32343408	adolescent;adult;betacoronavirus;case-control studies;child, preschool;cohort studies;coronavirus infections;covid-19;feces;female;humans;male;pandemics;pneumonia, viral;sars-cov-2;self report;virus diseases
32343658	antiviral agents;betacoronavirus;clinical trials as topic;coronavirus infections;covid-19;humans;pandemics;pneumonia, viral;sars-cov-2
32343996	betacoronavirus;china;coronavirus;coronavirus infections;covid-19;humans;male;pandemics;pneumonia, viral;sars-cov-2
32352535	betacoronavirus;coronavirus infections;covid-19;humans;pandemics;pneumonia, viral;risk assessment;sars-cov-2
32353545	adult;betacoronavirus;coronavirus infections;covid-19;feces;female;humans;pandemics;pneumonia, viral;sars-cov-2
32354565	covid-19;covid-19 testing;global health;humans;mortality;pandemics;physicians;sars-cov-2;spain
32354772	betacoronavirus;coronavirus infections;covid-19;covid-19 drug treatment;humans;male;middle aged;pandemics;pneumonia, viral;sars-cov-2;treatment outcome
32357378	coronavirus infections;covid-19;female;humans;infection control;male;pandemics;patient safety;patient selection;pneumonia, viral;risk assessment;triage;united states
32358675	adult;child;coronavirus infections;covid-19;hospitals;humans;pandemics;pneumonia, viral
32358765	betacoronavirus;coronavirus infections;covid-19;humans;pandemics;pneumonia, viral;sars-cov-2
32360210	adult;aged;aged, 80 and over;betacoronavirus;coronavirus infections;covid-19;female;humans;male;middle aged;pandemics;pneumonia, viral;sars-cov-2
32360231	antiviral agents;betacoronavirus;coronavirus infections;covid-19;humans;pandemics;pneumonia, viral;sars-cov-2;spike glycoprotein, coronavirus
32361284	coronavirus infections;covid-19;humans;pandemics;pneumonia, viral;quarantine
32363809	adult;betacoronavirus;clinical laboratory techniques;cohort studies;coronavirus infections;covid-19;covid-19 testing;female;fever;humans;male;middle aged;models, theoretical;pandemics;pneumonia, viral;roc curve;sars-cov-2
32367484	betacoronavirus;coronavirus infections;covid-19;disease outbreaks;health behavior;humans;pandemics;pneumonia, viral;sars-cov-2
32376057	coronavirus infections;covid-19;humans;pandemics;pneumonia, viral;respiration, artificial
32376401	betacoronavirus;coronavirus infections;covid-19;humans;pandemics;pneumonia, viral;sars-cov-2
32379015	covid-19;humans;pandemics;quarantine
32381073	adult;betacoronavirus;clinical laboratory techniques;coronavirus;coronavirus infections;covid-19;covid-19 testing;feces;fever;humans;infant;lung;male;nasopharynx;pandemics;pneumonia, viral;polymerase chain reaction;sars-cov-2;tomography, x-ray computed
32381441	betacoronavirus;coronavirus infections;covid-19;humans;pandemics;pneumonia, viral;registries;sars-cov-2;united states
32382746	adult;aged;aged, 80 and over;betacoronavirus;clinical laboratory techniques;coronavirus infections;cough;covid-19;covid-19 testing;female;fever;humans;japan;lung;male;middle aged;pandemics;pneumonia, viral;polymerase chain reaction;sars-cov-2;tomography, x-ray computed
32385648	adult;aged;betacoronavirus;cohort studies;coronavirus infections;covid-19;disease progression;female;humans;male;middle aged;pandemics;pneumonia, viral;prognosis;retrospective studies;roc curve;sars-cov-2;tomography, x-ray computed
32386843	aged, 80 and over;betacoronavirus;coronavirus infections;covid-19;humans;italy;pandemics;pneumonia, viral;quarantine;sars-cov-2;social isolation;spain
32387409	adolescent;adult;aged;aged, 80 and over;antiviral agents;betacoronavirus;coronavirus infections;covid-19;covid-19 drug treatment;female;follow-up studies;france;humans;hydroxychloroquine;male;middle aged;pandemics;pneumonia, viral;polymerase chain reaction;retrospective studies;sars-cov-2;time factors;treatment outcome;viral load;young adult
32387494	covid-19;health personnel;humans;italy;pandemics;sars-cov-2
32389999	adaptation, psychological;adult;anxiety;china;coronavirus infections;covid-19;depression;health personnel;humans;mental health;middle aged;pandemics;pneumonia, viral;sleep;stress, psychological
32396251	betacoronavirus;comorbidity;coronavirus infections;covid-19;humans;pandemics;pneumonia, viral;prognosis;sars-cov-2
32404126	adolescent;anxiety;betacoronavirus;coronavirus infections;covid-19;female;humans;male;pandemics;pneumonia, viral;sars-cov-2;telemedicine
32405517	betacoronavirus;coronavirus infections;covid-19;humans;pandemics;pneumonia, viral;sars-cov-2
32406952	adult;age factors;aged;china;comorbidity;covid-19;female;hospitalization;humans;male;middle aged;retrospective studies;risk factors
32407564	covid-19;female;humans;middle aged;young adult
32417594	betacoronavirus;coronavirus infections;covid-19;humans;pandemics;pneumonia, viral;sars-cov-2
32418675	betacoronavirus;coronavirus infections;covid-19;humans;infection control;pandemics;pneumonia, viral;practice guidelines as topic;sars-cov-2;united kingdom
32420955	adolescent;betacoronavirus;child;clinical laboratory techniques;coronavirus infections;covid-19;covid-19 testing;female;humans;italy;male;pandemics;pneumonia, viral;sars-cov-2
32421878	covid-19;female;humans;male;masks;pandemics;sars-cov-2
32425288	aged;comorbidity;covid-19;cross-sectional studies;female;hospitalization;humans;hypertension;intensive care units;male;middle aged;pandemics;respiration, artificial;reverse transcriptase polymerase chain reaction;sars-cov-2
32429681	betacoronavirus;coronavirus infections;covid-19;humans;pandemics;pneumonia, viral;public health;sars-cov-2
32436576	covid-19;health personnel;humans;pandemics;sars-cov-2
32437831	betacoronavirus;coronavirus infections;covid-19;humans;pandemics;pneumonia, viral;sars-cov-2
32442894	coronavirus infections;covid-19;humans;pandemics;pneumonia, viral
32446801	coronavirus infections;covid-19;diabetes mellitus;humans;pandemics;pneumonia, viral;severe acute respiratory syndrome-related coronavirus
32449224	adult;age factors;aged;antiviral agents;biomarkers;china;comorbidity;coronavirus infections;covid-19;female;humans;male;middle aged;pandemics;pneumonia, viral;prognosis;retrospective studies;risk factors;treatment outcome
32450108	betacoronavirus;coronavirus infections;covid-19;humans;pandemics;pneumonia, viral;sars-cov-2
32451343	covid-19;humans;physicians;sars-cov-2
32454066	angiotensin-converting enzyme 2;covid-19;gene expression regulation;humans;risk;sars-cov-2
32458459	age factors;aged;biomarkers;covid-19;cross-sectional studies;female;hospital mortality;humans;male;middle aged;neutrophils;prognosis;retrospective studies;roc curve;sex factors
32463093	antibodies, viral;betacoronavirus;coronavirus infections;covid-19;humans;pandemics;pneumonia, viral;sars-cov-2;travel
32463534	aged;betacoronavirus;comorbidity;coronavirus infections;covid-19;female;hospitals, university;humans;italy;male;pandemics;pneumonia, viral;sars-cov-2;telemedicine;tertiary care centers
32474574	covid-19;disease outbreaks;humans;sars-cov-2;united states
32476155	betacoronavirus;coronavirus infections;covid-19;female;humans;infection control;infectious disease transmission, patient-to-professional;pandemics;pneumonia, viral;sars-cov-2
32476260	covid-19;humans;sars-cov-2
32476305	adolescent;adult;aged;aged, 80 and over;betacoronavirus;child;child, preschool;coronavirus infections;covid-19;female;humans;infant;infant, newborn;male;middle aged;pandemics;pneumonia, viral;sars-cov-2;time factors;young adult
32480420	antiviral agents;betacoronavirus;coronavirus infections;covid-19;health services accessibility;humans;pandemics;pneumonia, viral;sars-cov-2
32484943	betacoronavirus;coronavirus infections;covid-19;humans;infectious disease transmission, patient-to-professional;pandemics;personal protective equipment;pneumonia, viral;sars-cov-2;united kingdom
32493494	adolescent;adult;aged;antiviral agents;betacoronavirus;coronavirus infections;covid-19;female;humans;hydroxychloroquine;infectious disease transmission, patient-to-professional;male;middle aged;pandemics;pneumonia, viral;risk assessment;risk factors;sars-cov-2;spain;time factors;treatment outcome;young adult
32495372	adult;betacoronavirus;coronavirus infections;covid-19;female;humans;inflammation;male;middle aged;pandemics;pneumonia, viral;sars-cov-2
32495819	betacoronavirus;coronavirus infections;covid-19;humans;pandemics;pneumonia, viral;sars-cov-2
32495830	betacoronavirus;coronavirus infections;covid-19;humans;infectious disease transmission, patient-to-professional;inpatients;pandemics;pneumonia, viral;sars-cov-2;telemedicine
32500431	aged;coronavirus infections;covid-19;female;humans;italy;male;middle aged;neoplasms;pandemics;pneumonia, viral;tertiary care centers;time factors
32500589	adolescent;betacoronavirus;biomarkers;coronavirus infections;covid-19;humans;male;middle aged;pandemics;pneumonia, viral;sars-cov-2
32502119	betacoronavirus;coronavirus infections;covid-19;hospitals;humans;pandemics;pneumonia, viral;sars-cov-2;surveys and questionnaires
32502597	betacoronavirus;coronavirus infections;covid-19;humans;pandemics;physicians;pneumonia, viral;sars-cov-2
32503857	adult;aged;aged, 80 and over;betacoronavirus;coronavirus infections;covid-19;female;hospitalization;humans;hydroxychloroquine;intensive care units;male;middle aged;pandemics;pneumonia, viral;sars-cov-2;spain
32511752	betacoronavirus;brazil;coronavirus infections;covid-19;humans;pandemics;personal protective equipment;pneumonia, viral;sars-cov-2;time factors
32511859	betacoronavirus;communicable disease control;coronavirus infections;covid-19;delivery of health care;humans;mental health;mental health services;pandemics;pneumonia, viral;sars-cov-2;social isolation
32512187	coronavirus infections;covid-19;humans;pandemics;pneumonia, viral
32516844	china;covid-19;hospitals;humans;sars-cov-2
32517888	betacoronavirus;coronavirus infections;covid-19;female;humans;middle aged;pandemics;pneumonia, viral;sars-cov-2;tomography, x-ray computed
32524792	adolescent;asymptomatic infections;betacoronavirus;child;china;coronavirus infections;covid-19;disease progression;female;humans;lung;male;pandemics;pneumonia, viral;retrospective studies;sars-cov-2;tomography, x-ray computed
32527466	betacoronavirus;coronavirus infections;covid-19;humans;inflammation;pandemics;pneumonia, viral;sars-cov-2;severe acute respiratory syndrome-related coronavirus
32527570	aged;antiviral agents;betacoronavirus;clinical laboratory techniques;coronavirus infections;covid-19;covid-19 testing;humans;male;nasopharynx;pandemics;pneumonia, viral;respiration, artificial;risk factors;sars-cov-2;tomography, x-ray computed;treatment outcome
32530130	betacoronavirus;comorbidity;coronavirus infections;covid-19;humans;male;middle aged;pandemics;pneumonia, viral;sars-cov-2
32530889	adult;betacoronavirus;clinical laboratory techniques;coronavirus infections;covid-19;covid-19 testing;female;health personnel;humans;pandemics;pneumonia, viral;prevalence;sars-cov-2;young adult
32532625	betacoronavirus;coronavirus infections;covid-19;humans;pandemics;pneumonia, viral;sars-cov-2;smartphone;telemedicine
32533432	betacoronavirus;covid-19;humans;pandemics;pneumonia, viral;sars-cov-2
32534631	betacoronavirus;china;coronavirus;coronavirus infections;covid-19;humans;pandemics;pneumonia, viral;sars-cov-2
32539647	betacoronavirus;coronavirus infections;covid-19;female;humans;male;middle aged;pandemics;pneumonia, viral;sars-cov-2;treatment outcome
32553562	betacoronavirus;clinical laboratory techniques;coronavirus infections;covid-19;covid-19 testing;humans;pandemics;pneumonia, viral;prognosis;sars-cov-2;virus diseases
32558002	covid-19;humans
32561113	covid-19;covid-19 serotherapy;humans;immunization, passive;sars-cov-2
32562278	betacoronavirus;coronavirus infections;covid-19;covid-19 drug treatment;humans;hydroxychloroquine;lung;pandemics;pneumonia, viral;sars-cov-2
32563690	betacoronavirus;coronavirus infections;covid-19;humans;pandemics;pneumonia, viral;sars-cov-2
32565264	betacoronavirus;coronavirus infections;covid-19;humans;pandemics;pneumonia, viral;sars-cov-2
32569772	aged;aged, 80 and over;betacoronavirus;coronavirus infections;covid-19;female;humans;male;middle aged;pandemics;pneumonia, viral;prognosis;retrospective studies;sars-cov-2
32578210	betacoronavirus;coronavirus infections;covid-19;humans;infection control;pandemics;pneumonia, viral;sars-cov-2;telemedicine
32580924	coronavirus infections;covid-19;disease outbreaks;global health;humans;pandemics;pneumonia, viral
32583171	adult;aged;biomarkers;covid-19;covid-19 drug treatment;female;humans;male;middle aged;polymerase chain reaction;rna, viral;sars-cov-2;tomography, x-ray computed;treatment outcome
32583347	betacoronavirus;clinical laboratory techniques;coronavirus infections;covid-19;covid-19 testing;humans;pandemics;pneumonia, viral;risk factors;sars-cov-2
32583423	betacoronavirus;communicable disease control;coronavirus infections;covid-19;humans;pandemics;personal protective equipment;pneumonia, viral;sars-cov-2;socioeconomic factors
32589348	betacoronavirus;coronavirus infections;covid-19;humans;middle aged;pandemics;pneumonia, viral;sars-cov-2;tomography, x-ray computed
32590006	betacoronavirus;coronavirus infections;covid-19;disease transmission, infectious;humans;pandemics;personal protective equipment;pneumonia, viral;practice guidelines as topic;sars-cov-2
32590073	betacoronavirus;coronavirus;coronavirus infections;covid-19;health personnel;humans;infectious disease transmission, patient-to-professional;neoplasms;pandemics;patient selection;personal protective equipment;pneumonia, viral;sars-cov-2
32590691	coronavirus;covid-19;humans;sars-cov-2
32591496	betacoronavirus;coronavirus infections;covid-19;humans;pandemics;peptidyl-dipeptidase a;pneumonia, viral;sars-cov-2;severe acute respiratory syndrome-related coronavirus
32599069	adolescent;adult;anti-bacterial agents;betacoronavirus;clinical laboratory techniques;coronavirus infections;covid-19;covid-19 testing;female;humans;intensive care units;lung;male;middle aged;pandemics;pneumonia, viral;respiration, artificial;sars-cov-2;severity of illness index;tomography, x-ray computed;young adult
32599201	adolescent;aged;betacoronavirus;child;child, preschool;coronavirus infections;covid-19;female;humans;infant;male;middle aged;pandemics;pneumonia, viral;referral and consultation;sars-cov-2;telemedicine
32602111	adult;covid-19;disease transmission, infectious;humans;male;sars-cov-2
32605729	betacoronavirus;coronavirus;coronavirus infections;covid-19;humans;pandemics;pneumonia, viral;sars-cov-2
32609380	australia;betacoronavirus;coronavirus infections;covid-19;humans;pandemics;pneumonia, viral;sars-cov-2
32610808	covid-19;health policy;humans;sars-cov-2;united kingdom
32613682	betacoronavirus;brain;coronavirus infections;covid-19;humans;male;middle aged;pandemics;pneumonia, viral;prognosis;respiration, artificial;sars-cov-2
32613934	betacoronavirus;coronavirus infections;covid-19;humans;infant, newborn;pandemics;pneumonia, viral;sars-cov-2
32618967	adult;betacoronavirus;child;coronavirus infections;covid-19;health services accessibility;humans;infection control;infectious disease transmission, patient-to-professional;pandemics;pneumonia, viral;practice guidelines as topic;sars-cov-2
32619319	covid-19;curriculum;education, distance;education, medical, undergraduate;humans;sars-cov-2
32621859	covid-19;female;humans;infant, newborn;pregnancy;pregnancy complications, infectious;sars-cov-2
32624392	coronavirus infections;covid-19;humans;pandemics;pneumonia, viral
32624433	betacoronavirus;coronavirus infections;covid-19;global health;humans;italy;pandemics;pneumonia, viral;sars-cov-2
32631682	betacoronavirus;clinical laboratory techniques;coronavirus infections;covid-19;covid-19 testing;cross-sectional studies;delivery of health care;health personnel;hospitals;humans;intensive care units;pandemics;personal protective equipment;pneumonia, viral;sars-cov-2;surveys and questionnaires
32634003	adaptation, psychological;betacoronavirus;coronavirus infections;covid-19;humans;pandemics;pneumonia, viral;quality of life;sars-cov-2;social support;stress, psychological
32634111	adaptation, psychological;adolescent;betacoronavirus;communicable disease control;coronavirus infections;covid-19;education, distance;humans;mental health;pandemics;pneumonia, viral;sars-cov-2;social isolation
32639559	betacoronavirus;coronavirus infections;covid-19;global health;humans;pandemics;pneumonia, viral;sars-cov-2;travel
32644258	betacoronavirus;coronavirus infections;covid-19;health behavior;humans;pandemics;pneumonia, viral;sars-cov-2
32646505	adult;aged;aged, 80 and over;betacoronavirus;cohort studies;coronavirus infections;covid-19;female;humans;male;middle aged;neoplasms;pandemics;pneumonia, viral;polymerase chain reaction;prevalence;sars-cov-2
32653855	adolescent;adult;covid-19;female;humans;mental health services;middle aged;pregnancy;stress, psychological;young adult
32657272	china;coronavirus infections;covid-19;humans;pandemics;pneumonia, viral
32658716	animals;antiviral agents;betacoronavirus;coronavirus infections;covid-19;covid-19 drug treatment;france;humans;italy;pandemics;pneumonia, viral;sars-cov-2;spain
32659213	betacoronavirus;coronavirus infections;covid-19;humans;pandemics;pneumonia, viral;prognosis;retrospective studies;risk factors;sars-cov-2
32661235	antiviral agents;betacoronavirus;coronavirus infections;covid-19;gene expression regulation;host-pathogen interactions;humans;pandemics;pneumonia, viral;sars-cov-2;severity of illness index
32666316	betacoronavirus;coronavirus infections;covid-19;cross-sectional studies;female;humans;italy;male;middle aged;pandemics;pneumonia, viral;prospective studies;reproducibility of results;sars-cov-2;tomography, x-ray computed
32672061	angiotensin-converting enzyme 2;animals;antiviral agents;coronavirus infections;covid-19;humans;pandemics;peptidyl-dipeptidase a;pneumonia, viral;spike glycoprotein, coronavirus;virus internalization
32673494	betacoronavirus;coronavirus infections;covid-19;female;humans;middle aged;pandemics;pneumonia, viral;risk factors;sars-cov-2;treatment outcome
32673509	angiotensin-converting enzyme 2;animals;betacoronavirus;coronavirus infections;covid-19;male;mice;pandemics;peptidyl-dipeptidase a;pneumonia, viral;rna, messenger;sars-cov-2
32675000	adult;antibodies, viral;betacoronavirus;clinical laboratory techniques;coronavirus infections;covid-19;covid-19 testing;cross-sectional studies;female;humans;male;middle aged;pandemics;pneumonia, viral;sars-cov-2;time factors
32677385	adult;betacoronavirus;coronavirus infections;covid-19;female;humans;male;middle aged;pandemics;pneumonia, viral;prognosis;retrospective studies;sars-cov-2;tomography, x-ray computed
32680626	adaptation, psychological;adult;betacoronavirus;child;coronavirus infections;covid-19;cross-sectional studies;female;humans;male;middle aged;pandemics;pneumonia, viral;sars-cov-2;stress, psychological;surveys and questionnaires
32681166	aged;aged, 80 and over;betacoronavirus;coronavirus infections;covid-19;female;humans;lung;male;middle aged;pandemics;pneumonia, viral;sars-cov-2
32682490	betacoronavirus;biomedical research;coronavirus infections;covid-19;health policy;humans;international cooperation;pandemics;pneumonia, viral;sars-cov-2
32684300	betacoronavirus;coronavirus infections;covid-19;humans;pandemics;pneumonia, viral;sars-cov-2
32686375	aged;betacoronavirus;coronavirus infections;covid-19;disease transmission, infectious;humans;male;pandemics;pneumonia, viral;respiration, artificial;sars-cov-2
32688022	adolescent;adult;aged;anxiety;betacoronavirus;coronavirus;coronavirus infections;covid-19;depression;fear;female;humans;male;mental health;middle aged;pandemics;pneumonia, viral;sars-cov-2;surveys and questionnaires;young adult
32692733	betacoronavirus;coronavirus infections;covid-19;humans;male;middle aged;pandemics;pneumonia, viral;sars-cov-2
32693101	covid-19;health services accessibility;humans;intensive care units;mortality;patient selection;prognosis;triage
32694498	aged;betacoronavirus;coronavirus infections;covid-19;humans;intensive care units;male;pandemics;pneumonia, viral;sars-cov-2
32701938	adolescent;adult;aged;aged, 80 and over;child;coronavirus infections;covid-19;ethnicity;female;humans;male;middle aged;pandemics;pneumonia, viral;prevalence;young adult
32708803	betacoronavirus;coronavirus infections;covid-19;deep learning;humans;machine learning;pandemics;pneumonia, viral;roc curve;sars-cov-2;tomography, x-ray computed
32710774	coronavirus infections;covid-19;humans;pandemics;pneumonia, viral
32717208	betacoronavirus;communicable disease control;coronavirus infections;covid-19;epidemics;humans;international cooperation;pandemics;pneumonia, viral;sars-cov-2
32721925	betacoronavirus;coronavirus infections;covid-19;health personnel;hospitals;humans;pandemics;pneumonia, viral;referral and consultation;sars-cov-2;telemedicine
32729279	betacoronavirus;china;coronavirus infections;covid-19;humans;infection control;pandemics;pneumonia, viral;sars-cov-2
32730222	adult;betacoronavirus;coronavirus infections;covid-19;female;health personnel;humans;male;pandemics;pneumonia, viral;prospective studies;sars-cov-2;telemedicine;united kingdom
32745596	aged;anti-bacterial agents;covid-19;female;hospitalization;hospitals;humans;incidence;male;middle aged;retrospective studies;sars-cov-2;spain;virus diseases
32753072	covid-19;health personnel;humans;pandemics;sars-cov-2
32759252	adult;betacoronavirus;child;coronavirus infections;covid-19;global health;hospitalization;humans;pandemics;pneumonia, viral;polymerase chain reaction;sars-cov-2;viral load
32761914	adult;aged;covid-19;female;humans;male;middle aged;young adult
32762083	adult;aged, 80 and over;brain;covid-19;female;humans;male;middle aged;sars-cov-2
32776354	betacoronavirus;coronavirus infections;covid-19;covid-19 drug treatment;diabetes mellitus;disease progression;humans;inflammation;obesity;pandemics;pneumonia, viral;risk factors;sars-cov-2
32776524	covid-19;depression;health personnel;humans;pandemics;sars-cov-2
32776538	adolescent;adult;aged;aged, 80 and over;covid-19;female;humans;male;middle aged;young adult
32784414	betacoronavirus;coronavirus infections;covid-19;humans;pandemics;pneumonia, viral;practice guidelines as topic;sars-cov-2
32787601	betacoronavirus;coronavirus infections;covid-19;delivery of health care;health policy;health services accessibility;humans;pandemics;pneumonia, viral;quarantine;sars-cov-2;telemedicine
32791524	child;coronavirus infections;covid-19;humans;pandemics;pneumonia, viral
32794209	adolescent;adult;aged;covid-19;cross-sectional studies;female;humans;male;middle aged;prevalence;prognosis;prospective studies;sars-cov-2;severity of illness index;viral load;young adult
32799739	adolescent;australia;child;child, preschool;coronavirus infections;covid-19;female;humans;infant;infant, newborn;male;pandemics;pneumonia, viral;telemedicine
32813879	adult;age factors;aged;betacoronavirus;coronavirus infections;covid-19;cross-sectional studies;disease progression;female;humans;male;middle aged;pandemics;pneumonia, viral;retrospective studies;risk;sars-cov-2;severity of illness index;turkey;vaccination
32817714	adolescent;adult;betacoronavirus;coronavirus infections;covid-19;cross-sectional studies;disease transmission, infectious;female;health behavior;humans;infection control;male;masks;middle aged;pandemics;pneumonia, viral;sars-cov-2;self report;young adult
32820721	adolescent;adult;age factors;aged;asymptomatic infections;betacoronavirus;coronavirus infections;covid-19;female;health personnel;humans;incidence;infectious disease transmission, patient-to-professional;intensive care units;male;middle aged;pandemics;pneumonia, viral;risk;sars-cov-2;surveys and questionnaires;united kingdom;young adult
32823922	humans;spain
32833711	betacoronavirus;coronavirus infections;covid-19;humans;infection control;pandemics;pneumonia, viral;sars-cov-2
32839250	animals;betacoronavirus;chlorocebus aethiops;clinical laboratory techniques;coronavirus infections;covid-19;covid-19 testing;humans;pandemics;pneumonia, viral;sars-cov-2;vero cells
32839921	covid-19;humans;sars-cov-2
32840829	communicable disease control;covid-19;humans;pandemics;sars-cov-2
32847744	betacoronavirus;coronavirus infections;covid-19;humans;pandemics;pneumonia, viral;sars-cov-2
32868442	betacoronavirus;coronavirus infections;covid-19;humans;pandemics;pneumonia, viral;reproducibility of results;reverse transcriptase polymerase chain reaction;sars-cov-2;smartphone
32878481	aerosols;betacoronavirus;child;coronavirus infections;covid-19;humans;pandemics;pneumonia, viral;sars-cov-2;schools;students
32887260	betacoronavirus;clinical trials as topic;coronavirus infections;covid-19;humans;pandemics;pneumonia, viral;sars-cov-2
32897869	coronavirus infections;covid-19;delivery of health care;humans;pandemics;pneumonia, viral
32911311	betacoronavirus;coronavirus infections;covid-19;humans;pandemics;pneumonia, viral;sars-cov-2
32926122	adolescent;anti-bacterial agents;betacoronavirus;coronavirus infections;covid-19;humans;male;pandemics;pneumonia, viral;respiration, artificial;sars-cov-2
32945597	covid-19;humans;longitudinal studies;physical distancing;quarantine;sars-cov-2
32954595	adolescent;adult;aged;covid-19;female;humans;male;middle aged;obesity;social isolation;spain;young adult
32964802	angiotensin-converting enzyme 2;covid-19;humans;molecular docking simulation;protein binding;rna, viral;sars-cov-2;spike glycoprotein, coronavirus;virus internalization
32985745	adult;aged;covid-19;female;humans;infectious disease transmission, patient-to-professional;male;middle aged;personal protective equipment;quality of life;risk assessment;risk factors;young adult
32988978	adult;betacoronavirus;coronavirus infections;covid-19;female;humans;pandemics;pneumonia, viral;pregnancy;pregnancy complications, infectious;sars-cov-2;treatment outcome
32991794	aged;antibodies, neutralizing;antibodies, viral;covid-19;covid-19 vaccines;female;humans;male;middle aged;sars-cov-2;spike glycoprotein, coronavirus;t-lymphocytes
32996588	china;covid-19;disease outbreaks;humans
32997560	covid-19;deep learning;humans;lung;pandemics;sars-cov-2;sensitivity and specificity;tomography, x-ray computed
33006551	adolescent;child;covid-19;education, distance;female;humans;internet;male;pandemics;sars-cov-2;turkey
33036293	antiviral agents;betacoronavirus;binding sites;coronavirus 3c proteases;coronavirus infections;covid-19;humans;molecular docking simulation;molecular dynamics simulation;pandemics;pneumonia, viral;protein binding;sars-cov-2
33038229	anti-bacterial agents;cohort studies;covid-19;hospitals;humans;sars-cov-2
33054263	betacoronavirus;coronavirus infections;covid-19;delivery of health care;health services accessibility;hiv infections;humans;pandemics;pneumonia, viral;sars-cov-2
33058235	antibodies, viral;covid-19;humans
33082265	adult;covid-19;female;humans;international cooperation;male;registries;sars-cov-2;severity of illness index
33091331	adolescent;adult;aged;aged, 80 and over;basic reproduction number;child;child, preschool;covid-19;disease outbreaks;female;hospitalization;humans;infant;male;middle aged;public health;quarantine;reverse transcriptase polymerase chain reaction;young adult
33112948	aged;aged, 80 and over;communicable disease control;covid-19;female;humans;male;middle aged
33119257	antiviral agents;coronavirus 3c proteases;molecular dynamics simulation;protein binding
33152182	betacoronavirus;biomedical research;clinical trials as topic;coronavirus infections;covid-19;humans;international cooperation;pandemics;pneumonia, viral;sars-cov-2
33165674	adult;aged;betacoronavirus;coronavirus infections;covid-19;disease progression;female;humans;male;middle aged;pandemics;pneumonia, viral;retrospective studies;sars-cov-2;tomography, x-ray computed
33169260	covid-19;delivery of health care;france;humans;italy;pandemics;sars-cov-2;triage
33190222	biomarkers;covid-19;female;humans;intensive care units;male;middle aged;prospective studies;sars-cov-2
33191649	animals;antibodies, viral;covid-19;humans;public health;sars-cov-2;seroepidemiologic studies
33203639	adult;covid-19;cross-sectional studies;female;humans;pandemics;pregnancy;pregnancy complications, infectious;public health;referral and consultation;sars-cov-2;telemedicine;young adult
33231569	angiotensin-converting enzyme 2;covid-19;female;humans;mutation;neoplasms;pandemics;risk assessment;risk factors;sars-cov-2;virus internalization
33239765	covid-19;follow-up studies;humans;pandemics;sars-cov-2;treatment outcome
33244583	animals;betacoronavirus;coronavirus;covid-19;genome, viral;humans;pandemics;sars-cov-2
33245005	covid-19;covid-19 drug treatment;cytokines;gene expression regulation;humans;inflammation
33246573	covid-19;covid-19 testing;female;humans;middle aged
33251983	antiviral agents;coronavirus 3c proteases;covid-19 drug treatment;humans;molecular docking simulation;molecular dynamics simulation;pandemics;sars-cov-2
33253073	covid-19;humans
33257418	biomedical research;covid-19;covid-19 vaccines;global health;humans;sars-cov-2
33259882	aerosols;covid-19;disease outbreaks;female;health personnel;hospitals;humans;infection control;male;personal protective equipment;reverse transcriptase polymerase chain reaction;rna, viral;sars-cov-2
33264497	angiotensin-converting enzyme 2;antiviral agents;binding sites;covid-19;host-pathogen interactions;humans;pandemics;protein binding;protein domains;sars-cov-2;spike glycoprotein, coronavirus;virus internalization
33306721	adult;aged;aged, 80 and over;covid-19;female;hospitalization;humans;male;mental health;middle aged;prospective studies;quality of life;sars-cov-2;time factors
33310765	brain;covid-19;humans
33315061	contact tracing;covid-19;humans;incidence;sars-cov-2
33322462	covid-19;health policy;humans;italy;quarantine;sars-cov-2
33330343	covid-19;global health;humans;pandemics;prospective studies;sars-cov-2
33337295	covid-19;humans;mental health;obesity;public health;sars-cov-2
33341894	antiviral agents;covid-19;humans;japan;sars-cov-2
33347319	covid-19;humans;public health;sars-cov-2
33350677	aerosols;covid-19;humans;infectious disease transmission, patient-to-professional;male;middle aged
33351828	covid-19;humans;internet;sars-cov-2
33352250	covid-19;delivery of health care;hospitals;humans;sars-cov-2
33364344	covid-19;education, distance;education, medical, undergraduate;humans;pandemics;sars-cov-2;students, medical;time factors
33373651	antiviral agents;china;covid-19;humans;sars-cov-2
33378607	covid-19;covid-19 vaccines;humans;rna, messenger;sars-cov-2;vaccines
33382861	covid-19;covid-19 nucleic acid testing;humans;nasopharynx;rna, viral;sars-cov-2
33388064	adaptation, psychological;adult;covid-19;female;humans;male;middle aged;quality of life;reproducibility of results;surveys and questionnaires
33393462	animals;chlorocebus aethiops;covid-19;humans;sars-cov-2;severe acute respiratory syndrome-related coronavirus;spike glycoprotein, coronavirus;vero cells;virus internalization
33400475	clinical trials as topic;covid-19;dyspnea;humans;practice guidelines as topic;reproducibility of results
33410294	adult;antibodies, viral;asymptomatic infections;covid-19;covid-19 serological testing;female;health personnel;hospitals, university;humans;immunoglobulin g;middle aged;reproducibility of results;sensitivity and specificity;seroepidemiologic studies
33430698	adult;attitude of health personnel;covid-19;cross-sectional studies;female;humans;male;middle aged;pandemics;sars-cov-2;surveys and questionnaires
33433382	coronavirus;coronavirus infections;covid-19;cross-sectional studies;disease outbreaks;humans;pandemics;prevalence;sars-cov-2
33435808	animals;t-lymphocytes
33439908	covid-19;cross-sectional studies;female;humans;male;middle aged;prognosis;severity of illness index;united states
33444411	adult;aged;aged, 80 and over;cohort studies;covid-19;female;hospital mortality;hospitalization;humans;italy;male;middle aged;retrospective studies;risk assessment;risk factors;roc curve;sars-cov-2
33448086	australia;covid-19;humans;pandemics;sars-cov-2
33452734	covid-19 drug treatment;humans;molecular docking simulation;sars-cov-2
33461214	antibodies, viral;covid-19;covid-19 serological testing;humans;immunoglobulin g;reproducibility of results;sars-cov-2;united states
33461516	covid-19;humans;internet
33461626	aerosols;aged;female;humans;intensive care units;male;middle aged;sars-cov-2;virus shedding
33461841	adult;covid-19;cross-sectional studies;health personnel;hospitals;humans;middle aged;seroepidemiologic studies
33465165	animals;chlorocebus aethiops;covid-19;covid-19 drug treatment;humans;hydroxychloroquine;sars-cov-2;spike glycoprotein, coronavirus;vero cells;virus internalization
33469977	binding sites;covid-19;humans;molecular docking simulation;molecular dynamics simulation;sars-cov-2;spike glycoprotein, coronavirus
33479805	covid-19;epidemics;fear;female;humans;internet;male;sars-cov-2
33481879	aged;aged, 80 and over;covid-19;female;humans;japan;male;risk factors
33501506	brain;covid-19;humans;post-acute covid-19 syndrome;retrospective studies;sars-cov-2
33503002	bayes theorem;covid-19;disease outbreaks;humans;italy;surveys and questionnaires
33503627	aged;aged, 80 and over;covid-19;female;humans;male;middle aged;retrospective studies
33505949	comorbidity;cough;covid-19;dyspnea;fever;global health;humans;sars-cov-2;tomography, x-ray computed
33507981	adult;asymptomatic infections;covid-19;cross-sectional studies;female;health personnel;hospitals, university;humans;infection control;male;middle aged;sars-cov-2
33509849	adult;covid-19;cross-sectional studies;female;humans;male;middle aged;sars-cov-2;surveys and questionnaires
33527783	biomedical research;covid-19;health personnel;humans;pandemics
33528827	adult;aged;antiviral agents;cough;covid-19;covid-19 drug treatment;dyspnea;female;fever;humans;hydroxychloroquine;male;middle aged;sars-cov-2;severity of illness index;surveys and questionnaires
33536042	adult;covid-19;cross-sectional studies;female;humans;male;middle aged;quality of life;reproducibility of results;sars-cov-2;surveys and questionnaires
33541486	adult;aged;aged, 80 and over;antibodies, viral;covid-19;covid-19 serological testing;disease outbreaks;female;humans;male;middle aged;pandemics;reverse transcriptase polymerase chain reaction;sars-cov-2
33547335	age factors;aged;aged, 80 and over;comorbidity;covid-19;female;hospitalization;humans;hypertension;intensive care units;machine learning;male;middle aged;prognosis;prospective studies;respiration, artificial;risk factors;roc curve;sex factors
33547814	adult;antibodies, viral;cohort studies;covid-19;covid-19 serological testing;female;humans;immunoglobulin g;male;middle aged;sars-cov-2
33556317	covid-19;health personnel;humans;sars-cov-2
33558097	covid-19;humans;sars-cov-2;severity of illness index
33560863	adult;antiviral agents;covid-19 drug treatment;humans;pneumonia, viral;sars-cov-2
33563638	adult;aged;covid-19;disease outbreaks;female;humans;male;middle aged;physicians;risk factors;sars-cov-2;travel
33581061	covid-19;humans;pandemics;public health;sars-cov-2
33586790	delivery of health care;health services accessibility;humans;patient acceptance of health care;patient safety;telemedicine
33587790	covid-19;humans;masks
33588706	adult;aged;covid-19;female;humans;italy;male;middle aged;pandemics;sars-cov-2;surveys and questionnaires
33590152	covid-19;humans;pandemics;sars-cov-2
33591938	adolescent;adult;aged;aged, 80 and over;case-control studies;child;child, preschool;covid-19;female;hospital mortality;humans;infant;male;middle aged;sars-cov-2;young adult
33595062	covid-19;humans;patient safety;prospective studies;spain;time factors
33595076	covid-19;humans;pandemics;sars-cov-2
33619245	cell line;covid-19;humans;sars-cov-2;severity of illness index
33619888	animals;chlorocebus aethiops;covid-19;sars-cov-2;vero cells;viral load
33621654	covid-19;humans;sars-cov-2
33623608	covid-19;covid-19 nucleic acid testing;humans;sensitivity and specificity;tomography, x-ray computed
33626020	adult;aged;covid-19;covid-19 drug treatment;humans;male;middle aged;sars-cov-2;time factors;virus shedding;young adult
33626155	covid-19;disease outbreaks;humans;sars-cov-2;telemedicine
33626376	covid-19;humans;neoplasms;sars-cov-2
33627160	aged;cohort studies;covid-19;female;humans;italy;male;middle aged;pneumonia, viral;severity of illness index;tomography, x-ray computed;treatment outcome
33631857	australia;covid-19;delivery of health care;humans;pandemics
33636357	adult;aged;aged, 80 and over;antibodies, viral;betacoronavirus;biomarkers;coronavirus infections;covid-19;female;humans;male;middle aged;retrospective studies;sars-cov-2;severity of illness index
33637290	attitude of health personnel;biomedical research;covid-19;female;humans;male;surveys and questionnaires
33641513	age factors;anxiety;covid-19;cross-sectional studies;female;humans;male;middle aged;pandemics;social support;surveys and questionnaires;united states
33644905	covid-19;cross-sectional studies;humans;inpatients;sars-cov-2;turkey
33650676	adult;aged;covid-19;female;humans;male;middle aged;sars-cov-2
33651340	covid-19;female;humans;male;middle aged;quality of life;self report
33659612	covid-19;education, distance;humans;surveys and questionnaires
33660134	antibodies, viral;covid-19;humans;sars-cov-2;sensitivity and specificity;spike glycoprotein, coronavirus
33660320	covid-19;curriculum;humans;sars-cov-2;students, medical
33666261	brazil;covid-19;humans;nasopharynx;rna, viral;sars-cov-2
33668405	animals;cell line;coronavirus infections;cytokines;gene expression regulation;humans
33674591	aged;aged, 80 and over;case-control studies;covid-19;cytokines;female;humans;male;middle aged;neutrophils;sars-cov-2;t-lymphocytes
33674708	adult;age factors;aged;aged, 80 and over;covid-19;female;hospitalization;humans;intensive care units;machine learning;male;middle aged;models, statistical;pandemics;prognosis;reproducibility of results;respiration, artificial;retrospective studies;risk assessment;risk factors;roc curve;sars-cov-2
33675696	covid-19;female;humans;infant, newborn;pregnancy;sars-cov-2;treatment outcome
33682315	aged;aged, 80 and over;covid-19;female;humans;longitudinal studies;male;pandemics;quality of life;smartphone;surveys and questionnaires
33684592	covid-19;humans;sars-cov-2
33686389	case-control studies;covid-19;humans;prospective studies;sars-cov-2
33704627	covid-19;delivery of health care;global health;humans;models, theoretical;risk factors;sars-cov-2
33706626	antiviral agents;sars-cov-2
33706836	covid-19;delivery of health care;humans;sars-cov-2;virus diseases
33713112	covid-19;humans;pandemics
33720028	humans;machine learning;smartphone
33724560	covid-19;cross-sectional studies;humans;pandemics;sars-cov-2
33735264	adult;aged;covid-19;covid-19 nucleic acid testing;health personnel;humans;infectious disease transmission, patient-to-professional;inpatients;middle aged;sars-cov-2;viral load
33735836	antibodies, viral;covid-19;covid-19 serotherapy;humans;immunization, passive;retrospective studies;sars-cov-2
33738882	adolescent;adult;aged;anxiety;attitude of health personnel;child;communicable disease control;covid-19;female;health personnel;humans;male;mental health services;middle aged;surveys and questionnaires;telemedicine;united kingdom;young adult
33742196	covid-19;humans;prospective studies;sars-cov-2;united kingdom
33749986	antiviral agents;coronavirus 3c proteases;covid-19;humans;mutation;sars-cov-2
33754150	aged;covid-19;humans;pandemics;social isolation
33754459	adult;aged;covid-19;cross-sectional studies;female;humans;male;middle aged;pandemics;prospective studies;quality of life;surveys and questionnaires
33765004	covid-19;humans;models, theoretical;pandemics;sars-cov-2;united states
33768363	animals;china;covid-19;humans;public health
33772419	aged;covid-19;hospitalization;humans;pandemics;risk factors
33773523	adult;covid-19;female;humans;male;pandemics;quality of life;sars-cov-2;severity of illness index;stress, psychological
33779211	covid-19;hiv infections;humans;pandemics;sars-cov-2
33782759	covid-19;humans;prospective studies;retrospective studies;sars-cov-2
33785197	child;curriculum;humans;telemedicine
33793460	adolescent;adult;bnt162 vaccine;covid-19;covid-19 nucleic acid testing;covid-19 vaccines;female;health personnel;humans;male;middle aged;prospective studies;united states;young adult
33797339	angiotensin-converting enzyme 2;covid-19 drug treatment;humans;rna, messenger;sars-cov-2
33814022	adult;asymptomatic infections;brazil;child;child, preschool;covid-19;disease outbreaks;humans;incidence;infant;models, theoretical;sars-cov-2;schools;students
33822099	covid-19;humans;sars-cov-2
33824264	adolescent;adult;anxiety;china;communicable disease control;covid-19;cross-sectional studies;depression;female;humans;male;mental health;pandemics;prevalence;schools;socioeconomic factors;students;surveys and questionnaires;young adult
33831079	angiotensin-converting enzyme 2;covid-19;female;humans;male;phylogeny;sars-cov-2
33833246	adult;covid-19;covid-19 serological testing;female;humans;male;middle aged;sars-cov-2;young adult
33840053	adult;aged;aged, 80 and over;covid-19;diabetes mellitus;disease progression;female;humans;hypertension;male;middle aged;risk factors;sars-cov-2;severity of illness index
33844359	communicable disease control;covid-19;cross-sectional studies;health personnel;humans;pandemics;sars-cov-2;spain
33851272	covid-19;humans;mental health;mental health services;sars-cov-2;students, medical
33853700	covid-19;health personnel;humans;prevalence;sars-cov-2
33855698	adult;aged;aged, 80 and over;covid-19;female;humans;male;middle aged;retrospective studies;young adult
33862667	adolescent;anxiety;communicable disease control;covid-19;depression;humans;sars-cov-2
33864328	adult;child;covid-19;covid-19 vaccines;cross-sectional studies;humans;male;patient acceptance of health care;sars-cov-2;turkey;vaccination
33877966	covid-19;covid-19 nucleic acid testing;humans;sars-cov-2;smartphone
33880597	child;communicable disease control;covid-19;covid-19 testing;female;humans;male;pandemics
33882021	adolescent;anxiety;china;covid-19;education, distance;exercise;female;humans;male;pandemics;self report;students
33883315	adolescent;covid-19;female;health services accessibility;humans;infection control;male;sars-cov-2;surveys and questionnaires
33902480	adult;aged;aged, 80 and over;antiviral agents;covid-19;covid-19 drug treatment;disease progression;female;hospitals;hospitals, university;humans;hydroxychloroquine;male;middle aged;referral and consultation;retrospective studies;treatment outcome;young adult
33908152	animals;covid-19;humans;mutation;rna, viral;sars-cov-2;virus shedding
33908897	animals;antibodies, neutralizing;covid-19;covid-19 vaccines;humans;sars-cov-2
33912196	covid-19;covid-19 vaccines;humans;sars-cov-2
33920976	covid-19;humans;pandemics;sars-cov-2
33922354	adult;china;communicable disease control;covid-19;humans;pandemics;sars-cov-2
33928065	adult;aged;covid-19;exercise;female;humans;longitudinal studies;male;middle aged;pandemics;sars-cov-2;united states
33928916	adult;covid-19;covid-19 vaccines;humans;sars-cov-2
33930189	adolescent;adult;china;covid-19;disease outbreaks;feces;female;humans;male;middle aged;sars-cov-2;virus shedding
33930636	covid-19;humans;sars-cov-2;united states
33932458	covid-19;covid-19 vaccines;humans;sars-cov-2;vaccination
33941488	covid-19;covid-19 vaccines;humans;italy;patient safety;patient selection;risk assessment;sars-cov-2;treatment outcome
33941681	humans
33955567	aged;bnt162 vaccine;cohort studies;covid-19;covid-19 vaccines;ethnicity;health personnel;humans;incidence;male;united states
33956870	aged;comorbidity;covid-19;female;hospitalization;humans;male;middle aged;obesity;retrospective studies;risk assessment;risk factors;sars-cov-2;severity of illness index
33963250	age factors;covid-19;female;humans;male;pandemics;risk factors;sars-cov-2;sex factors
33963581	covid-19;humans;pandemics
33963992	china;covid-19;humans;sars-cov-2
33972631	animals;antibodies, neutralizing;antibodies, viral;covid-19;covid-19 serotherapy;humans;immunization, passive;immunoglobulin g;sars-cov-2;spike glycoprotein, coronavirus
33983654	binding sites;coronavirus 3c proteases;sars-cov-2;severe acute respiratory syndrome-related coronavirus
33988134	covid-19;humans;italy;pandemics;sars-cov-2
33988145	covid-19;humans;male;sars-cov-2
33989322	covid-19;humans;italy;mortality;pandemics;quarantine;sars-cov-2
33999135	covid-19 drug treatment;humans;treatment outcome
34000814	adult;aged;covid-19;female;hospital mortality;humans;male;middle aged;pandemics;risk;sars-cov-2;united states
34008016	aged;covid-19;health personnel;humans;immunoglobulin g;retrospective studies;sars-cov-2;seroepidemiologic studies
34008930	aged;aged, 80 and over;cohort studies;comorbidity;covid-19;covid-19 drug treatment;female;hospital mortality;humans;male;middle aged;respiration, artificial;spain;treatment outcome
34011221	covid-19;health policy;humans;pandemics;sars-cov-2
34012470	covid-19;humans;models, statistical;mortality;reproducibility of results;sars-cov-2
34029345	aged;aged, 80 and over;covid-19;female;humans;male;socioeconomic factors;united states
34031119	adult;covid-19;humans;incidence;prognosis;risk factors;sars-cov-2
34031483	aged;biomarkers;covid-19;female;humans;machine learning;male;roc curve;sars-cov-2;sensitivity and specificity;severity of illness index;tomography, x-ray computed
34052621	covid-19;humans;pandemics;sars-cov-2;telemedicine
34053251	basic reproduction number;contact tracing;covid-19;disease outbreaks;humans;models, theoretical;pandemics;physical distancing;sars-cov-2;united kingdom
34058573	animals;antibodies, neutralizing;antibodies, viral;bnt162 vaccine;covid-19 vaccines;female;pregnancy
34061905	animals;covid-19;genome, viral;host-pathogen interactions;humans;mutation;phylogeny;rna, viral;sars-cov-2
34072087	angiotensin-converting enzyme 2;animals;antiviral agents;chlorocebus aethiops;covid-19;covid-19 drug treatment;humans;molecular docking simulation;protein domains;sars-cov-2;spike glycoprotein, coronavirus;vero cells;virus internalization
34073591	aged;aged, 80 and over;angiotensin-converting enzyme 2;bayes theorem;covid-19;female;humans;lung;male;retrospective studies;risk factors;sars-cov-2
34075622	attitude of health personnel;covid-19;female;humans;male;pandemics;patient acceptance of health care;primary health care;sars-cov-2;surveys and questionnaires;telemedicine
34077572	covid-19;covid-19 vaccines;humans;rna, messenger;sars-cov-2
34080223	covid-19;covid-19 vaccines;female;humans;risk assessment;sars-cov-2
34091005	antibodies, neutralizing;antibodies, viral;covid-19;humans;sars-cov-2
34101084	child;covid-19;exercise;humans;male;masks
34101494	covid-19;female;humans;male;social support
34101903	covid-19;humans;pandemics;sars-cov-2
34107113	covid-19;cytokines;female;humans;male;sars-cov-2
34107137	covid-19;humans;inflammation;retrospective studies;sars-cov-2
34108378	covid-19;education, medical, undergraduate;humans;minority groups;united states
34110314	covid-19;covid-19 testing;health policy;humans;infection control;pandemics;sars-cov-2;telemedicine;tertiary care centers;triage
34112877	antiviral agents;covid-19;covid-19 drug treatment;humans;sars-cov-2
34117772	covid-19;humans
34126613	brain;covid-19;female;humans;infant;infant, newborn;pandemics;pregnancy;pregnancy complications, infectious;sars-cov-2
34127735	aged;cohort studies;exercise;humans;male;middle aged
34129787	bayes theorem;covid-19;humans;pandemics;rna, viral;sars-cov-2;sensitivity and specificity
34132326	covid-19;humans;pandemics;sars-cov-2
34139069	covid-19 drug treatment;humans;hydroxychloroquine;sars-cov-2
34142877	covid-19;education, distance;humans
34145087	animals;covid-19;covid-19 vaccines;humans;sars-cov-2
34145263	aged;antibodies, viral;antibody formation;covid-19;female;humans;male;sars-cov-2;spike glycoprotein, coronavirus
34149003	adult;aged;antibodies, viral;covid-19;female;humans;male;middle aged;prospective studies;sars-cov-2;severity of illness index;viral load;virus shedding
34161389	aged;covid-19;cross-sectional studies;fear;female;humans;male;middle aged;socioeconomic factors;surveys and questionnaires
34174778	covid-19;global health;humans;intention
34177254	covid-19;cross-sectional studies;humans;pandemics;sars-cov-2
34177926	adolescent;adult;antibodies, neutralizing;antibodies, viral;antibody formation;cohort studies;covid-19;disease outbreaks;disease progression;female;humans;male;sars-cov-2;spike glycoprotein, coronavirus;united states;young adult
34184314	covid-19;humans;prognosis;sars-cov-2
34193877	aged;covid-19;female;hospitalization;humans;male;middle aged;risk factors
34193982	child;covid-19;humans;pandemics;retrospective studies
34196793	covid-19;humans;pandemics;registries;sars-cov-2
34200791	covid-19 drug treatment;cytokines;humans;lung;sars-cov-2
34207721	china;covid-19;humans;pandemics;sars-cov-2
34215475	covid-19;humans;pandemics;sars-cov-2
34219197	cohort studies;covid-19;humans;italy;pandemics;retrospective studies;sars-cov-2
34228112	adult;aged;covid-19;female;humans;intention;longitudinal studies;male;middle aged;physical distancing;united states;young adult
34230210	adult;aged;case-control studies;covid-19;cytokines;female;humans;male;middle aged;sars-cov-2;severity of illness index;sex factors
34237727	aged;aged, 80 and over;covid-19;female;hospitalization;humans;male;middle aged;pandemics;registries;retrospective studies
34251568	covid-19;humans;sars-cov-2
34252379	covid-19 drug treatment;humans;sars-cov-2
34253291	covid-19;global health;humans;sars-cov-2
34256781	adult;aged;communicable disease control;comorbidity;covid-19;female;follow-up studies;hospitalization;humans;italy;male;middle aged;pandemics;retrospective studies
34262564	adult;aged;antibodies, viral;antiviral agents;case-control studies;covid-19;covid-19 drug treatment;cytokines;female;hospitalization;humans;immunoglobulin g;male;middle aged;prospective studies;sars-cov-2;spike glycoprotein, coronavirus;treatment outcome
34267316	deep learning;sars-cov-2
34268819	aerosols;covid-19;disease transmission, infectious;humans;masks;pandemics;sars-cov-2
34271868	adolescent;adult;aged;aged, 80 and over;brazil;child;child, preschool;comorbidity;covid-19;cross-sectional studies;female;humans;infant;infant, newborn;male;middle aged;mortality;prognosis;risk assessment;risk factors;sars-cov-2;severity of illness index;socioeconomic factors;young adult
34273304	child;cohort studies;covid-19;female;hospitalization;humans;male;prospective studies;united kingdom
34274212	adolescent;adult;covid-19;covid-19 vaccines;cross-sectional studies;humans;sars-cov-2;surveys and questionnaires;vaccination;young adult
34274539	covid-19;humans;sars-cov-2
34280038	covid-19;humans;pandemics;rna, viral;sars-cov-2
34280115	china;covid-19;covid-19 vaccines;cross-sectional studies;humans;internet;sars-cov-2;vaccination;vaccines
34281002	covid-19;humans;italy;pandemics;retrospective studies;sars-cov-2
34281535	covid-19;humans;pandemics;sars-cov-2
34281994	contact tracing;covid-19;humans;retrospective studies;united kingdom
34286685	animals;covid-19;humans;mice;sars-cov-2
34288285	adult;aged;bnt162 vaccine;covid-19;covid-19 vaccines;female;humans;middle aged;sars-cov-2
34289965	child;covid-19;humans;pandemics;triage
34316049	covid-19;health policy;humans;infection control;masks;pandemics
34325612	adult;covid-19;covid-19 vaccines;humans;sars-cov-2;united states;vaccination;vaccines
34326985	covid-19;covid-19 vaccines;humans;vaccination
34342092	aerosols;covid-19;humans
34343468	aged;covid-19;diabetes mellitus;humans;hypertension;pandemics;sars-cov-2;young adult
34350637	covid-19;covid-19 testing;humans;pandemics;sars-cov-2
34364311	bnt162 vaccine;cohort studies;covid-19;covid-19 vaccines;female;humans;rna, messenger;sars-cov-2;vaccination
34370935	adult;age factors;covid-19;cross-sectional studies;female;health policy;humans;male;middle aged;physical distancing;sex factors;surveys and questionnaires;young adult
34371224	covid-19;humans;pandemics;retrospective studies;sars-cov-2;telemedicine
34383756	bayes theorem;covid-19;france;humans;pandemics;quarantine;sars-cov-2;smartphone;travel
34387911	covid-19;dyspnea;female;hospitalization;humans;male;sars-cov-2
34394297	aged;aged, 80 and over;covid-19;cytokines;exercise;humans;pandemics
34403943	adult;covid-19;humans;masks;sars-cov-2
34405427	anti-bacterial agents;covid-19;humans;pandemics;sars-cov-2
34407607	covid-19;covid-19 vaccines;female;humans;pandemics;sars-cov-2;vaccines
34412446	contact tracing;covid-19;covid-19 vaccines;humans;pandemics;quarantine;vaccination
34413324	aged;aged, 80 and over;cohort studies;comorbidity;covid-19;female;humans;machine learning;male;middle aged;models, statistical;pandemics;prognosis;risk factors;sars-cov-2;united kingdom
34415401	covid-19;female;humans;sars-cov-2;treatment outcome
34415553	covid-19;humans;rna, viral;sars-cov-2
34424156	animals;host-pathogen interactions;humans;sars-cov-2;virus diseases
34427682	adult;covid-19;female;humans;pandemics;patient safety;pregnancy;sars-cov-2;telemedicine;treatment outcome;united states;young adult
34431023	brain;covid-19;humans;sars-cov-2
34431693	adolescent;adult;aged;aged, 80 and over;antibodies, neutralizing;antibodies, viral;antibody formation;cohort studies;covid-19;female;humans;immunization, passive;male;middle aged;pandemics;sars-cov-2;spike glycoprotein, coronavirus;young adult
34432842	adult;aged;covid-19;exercise;female;health behavior;humans;longitudinal studies;male;mental health;middle aged;pandemics;patient acceptance of health care;quality of life;sars-cov-2;surveys and questionnaires
34436248	animals;antiviral agents;covid-19 drug treatment;humans;sars-cov-2
34444648	adolescent;covid-19;female;humans;male;sars-cov-2;surveys and questionnaires;young adult
34452464	adolescent;child;child, preschool;cough;covid-19;covid-19 nucleic acid testing;fever;humans;infant;mutation;retrospective studies;sars-cov-2
34453317	antibodies, viral;covid-19;humans;sars-cov-2;spike glycoprotein, coronavirus
34453842	covid-19;curriculum;humans;sars-cov-2
34475334	covid-19;humans;retrospective studies;sars-cov-2;treatment outcome
34487685	covid-19;hiv infections;humans
34491565	covid-19;covid-19 serotherapy;humans;immunization, passive;patient safety;risk assessment;risk factors;treatment outcome
34492105	animals;host-pathogen interactions;humans
34493506	covid-19;humans;pandemics;prospective studies;sars-cov-2
34502799	covid-19;humans;sars-cov-2
34515235	covid-19;humans;sars-cov-2
34519768	adult;age factors;covid-19;cross-sectional studies;diabetes mellitus;female;humans;male;middle aged;pandemics;risk factors;sars-cov-2;severity of illness index
34522397	covid-19;humans;neoplasms;pandemics;sars-cov-2
34533285	covid-19;hospitals;humans;pandemics;sars-cov-2
34535859	covid-19;humans;sars-cov-2
34536426	covid-19;humans;incidence;sars-cov-2
34541765	covid-19;hospitals;humans;pandemics;sars-cov-2
34543580	covid-19;humans;pandemics;physicians;respiration, artificial;sars-cov-2;united states
34545952	adult;aged;aged, 80 and over;bnt162 vaccine;case-control studies;covid-19;humans;middle aged;sars-cov-2;spike glycoprotein, coronavirus;vaccination
34559248	covid-19;humans;sars-cov-2
34568249	covid-19;disease outbreaks;humans;pandemics;sars-cov-2
34588946	covid-19;humans;pandemics
34591874	covid-19;covid-19 nucleic acid testing;humans;masks;sars-cov-2;united states
34593052	adult;aged;communicable disease control;covid-19;female;humans;male;middle aged;patient acceptance of health care;young adult
34597334	adolescent;adult;aged;aged, 80 and over;covid-19;disease outbreaks;female;health policy;humans;male;middle aged;risk;sars-cov-2;social support;surveys and questionnaires;young adult
34608773	antibodies, viral;covid-19;humans;male;middle aged;sars-cov-2;vaccination
34610907	covid-19;covid-19 vaccines;humans;sars-cov-2
34611034	adult;aged;covid-19;female;humans;male;middle aged;post-acute covid-19 syndrome;sars-cov-2;t-lymphocytes;young adult
34622966	adult;covid-19;humans;prospective studies
34623194	adolescent;adult;aged;aged, 80 and over;covid-19;female;hospitalization;humans;intensive care units;male;middle aged;registries;severity of illness index;young adult
34624245	brazil;covid-19;global health;humans;international cooperation
34627082	covid-19;humans;sars-cov-2
34629857	covid-19;cross-sectional studies;humans;prospective studies;sars-cov-2
34630838	antiviral agents;covid-19;covid-19 vaccines;humans;personal protective equipment;practice guidelines as topic;public health;quarantine
34634404	covid-19;humans;pandemics;physical distancing;sars-cov-2
34641391	animals;humans;neoplasms;united states
34648525	age factors;covid-19;cross-sectional studies;female;humans;male;models, theoretical;pandemics;prognosis;risk factors;united states
34649268	covid-19;genome, viral;humans;mutation;quarantine;sars-cov-2;spike glycoprotein, coronavirus
34665318	child;covid-19;humans;masks;retrospective studies;sars-cov-2
34670589	covid-19;humans;respiration, artificial;sars-cov-2;severity of illness index
34673261	aged;covid-19;covid-19 vaccines;humans;sars-cov-2;vaccines
34675256	covid-19;covid-19 vaccines;female;health behavior;health policy;humans;intention;male;sars-cov-2;surveys and questionnaires;united states;vaccination
34678266	covid-19;cross-sectional studies;humans;personal protective equipment;sars-cov-2
34682492	covid-19;hiv infections;humans;pandemics;sars-cov-2
34682574	aged;anxiety;covid-19;depression;female;humans;mental health;pandemics;pregnancy;sars-cov-2;stress, psychological
34696346	covid-19;humans;sars-cov-2
34697001	child;covid-19;hospitalization;humans;infant;pandemics;sars-cov-2;spain
34705530	covid-19;cross-sectional studies;curriculum;education, medical, undergraduate;humans;pandemics;sars-cov-2;surveys and questionnaires;united kingdom
34706272	animals;antibodies, monoclonal;covid-19;female;humans;male;sars-cov-2;t-lymphocytes
34706299	covid-19;humans;inpatients;sars-cov-2
34713472	aged;covid-19;covid-19 vaccines;female;humans;vaccination
34714362	angiotensin-converting enzyme 2;animals;antiviral agents;cell line;chlorocebus aethiops;covid-19 drug treatment;hek293 cells;humans;protein domains;sars-cov-2;spike glycoprotein, coronavirus;vero cells
34716614	covid-19;humans;male;rna, viral;sars-cov-2
34717713	cohort studies;covid-19;health personnel;humans;sars-cov-2;seroepidemiologic studies
34717886	covid-19;humans;risk assessment;risk factors;sars-cov-2
34724950	education, distance;humans;students, medical
34728719	adult;aged;aged, 80 and over;covid-19;female;humans;male;middle aged;neutrophils;prognosis;retrospective studies;roc curve;sars-cov-2
34730436	adult;covid-19;covid-19 testing;humans;male;middle aged;nasopharynx;pandemics;sars-cov-2;sensitivity and specificity
34730819	adult;aged;covid-19;covid-19 vaccines;cross-sectional studies;female;humans;intention;male;middle aged;pandemics;sars-cov-2;surveys and questionnaires;united states;vaccination
34735268	covid-19;female;humans;male;minority groups
34736354	animals;antibodies, neutralizing;antibodies, viral;covid-19;covid-19 vaccines;cytokines;humans;immunoglobulin g;lung;male;mice;sars-cov-2
34736445	china;covid-19;epidemics;humans;sars-cov-2
34747190	covid-19;covid-19 vaccines;host-pathogen interactions;humans;neoplasms;risk assessment;risk factors;sars-cov-2;treatment outcome;vaccination
34747367	angiotensin-converting enzyme 2;covid-19;covid-19 drug treatment;hek293 cells;humans;sars-cov-2
34748218	communicable disease control;covid-19;humans;pandemics;retrospective studies;sars-cov-2
34755180	anti-bacterial agents;communicable disease control;covid-19;covid-19 drug treatment;humans;pandemics;primary health care
34757734	covid-19;humans;pandemics;sars-cov-2
34758179	covid-19;female;humans;pandemics;pregnancy;pregnancy complications, infectious;sars-cov-2;united kingdom
34758422	adult;anxiety;covid-19;depression;female;humans;male;mental health;middle aged;pandemics;sars-cov-2;stress, psychological
34762561	antibodies, monoclonal;antibodies, neutralizing;antiviral agents;covid-19;covid-19 drug treatment;hospitals;humans;sars-cov-2
34767767	covid-19;humans;prospective studies;respiration, artificial;sars-cov-2
34769806	covid-19;humans;neutrophils;sars-cov-2
34780978	antiviral agents;clinical trials as topic;covid-19;covid-19 drug treatment;humans;hydroxychloroquine;registries;sars-cov-2;united states
34782790	adult;aged;covid-19;covid-19 drug treatment;cytokines;female;humans;male;middle aged;neutrophils;sars-cov-2;severity of illness index;sex factors
34783127	aged;australia;covid-19;humans;pandemics;prospective studies;sars-cov-2
34790054	covid-19;humans;sars-cov-2;vaccination
34795818	adult;age factors;aged;covid-19;cross-sectional studies;diabetes mellitus;female;humans;hypertension;intensive care units;male;middle aged;polymerase chain reaction;retrospective studies;risk factors
34803106	covid-19;humans;treatment outcome
34804509	covid-19;humans;sars-cov-2
34812845	adolescent;antibodies, viral;child;child, preschool;covid-19;covid-19 serological testing;cross-sectional studies;ethnicity;female;humans;male;prevalence;sars-cov-2;seroepidemiologic studies
34817406	covid-19;education, medical, undergraduate;humans;risk factors;sars-cov-2;united states
34817746	aged;covid-19;female;humans;sars-cov-2
34819524	covid-19;deep learning;humans;machine learning;sars-cov-2;sensitivity and specificity;tomography, x-ray computed
34822228	covid-19;humans;pandemics;sars-cov-2;vaccination
34824162	covid-19;ethnicity;hospitals;humans;minority groups;pandemics;socioeconomic factors
34824194	adult;aged;aged, 80 and over;covid-19;covid-19 vaccines;female;humans;male;middle aged;sars-cov-2
34824253	angiotensin-converting enzyme 2;animals;covid-19;covid-19 vaccines;hek293 cells;humans;molecular dynamics simulation;mutation;protein binding;sars-cov-2;spike glycoprotein, coronavirus
34831965	covid-19;diabetes mellitus;humans;sars-cov-2
34836825	covid-19;covid-19 serotherapy;humans;immunization, passive;prospective studies;sars-cov-2
34844968	covid-19;covid-19 serotherapy;covid-19 vaccines;humans;immunization, passive;sars-cov-2;vaccination
34845183	aged;aged, 80 and over;covid-19;female;humans;male;middle aged;prognosis;sars-cov-2
34846280	adult;aged;aged, 80 and over;covid-19;covid-19 vaccines;female;genome, viral;humans;male;middle aged;pandemics;phylogeny;sars-cov-2;young adult
34857753	covid-19;humans;mutation;sars-cov-2
34864190	covid-19;cross-sectional studies;humans;pandemics
34873885	adult;covid-19;depression;epidemics;female;health personnel;humans;male;middle aged;reproducibility of results;roc curve;sars-cov-2;surveys and questionnaires
34882720	adult;comorbidity;covid-19;depression;dyspnea;female;health personnel;humans;male;middle aged;pandemics;risk;sars-cov-2
34886558	covid-19;humans;pandemics;public health;sars-cov-2
34888708	curriculum;humans;pandemics;students, medical
34888903	adult;antiviral agents;covid-19;humans;male;sars-cov-2;treatment outcome
34890441	adolescent;adult;covid-19;covid-19 testing;female;humans;male;middle aged;rna, viral;sars-cov-2;young adult
34894119	child;covid-19;humans;sars-cov-2
34897635	covid-19;humans;pandemics;post-acute covid-19 syndrome
34903197	child;communicable disease control;covid-19;exercise;humans;pandemics;sars-cov-2
34904908	covid-19;covid-19 testing;covid-19 vaccines;humans;sars-cov-2
34906234	covid-19;delivery of health care;global health;health policy;humans
34906660	covid-19;humans;pandemics;sars-cov-2
34910338	adult;antibodies, viral;covid-19;covid-19 vaccines;female;health personnel;hospitals;humans;male;middle aged;sars-cov-2;spike glycoprotein, coronavirus;time factors;vaccination;young adult
34926314	covid-19;humans;sars-cov-2
34935594	adult;antibodies, neutralizing;antibodies, viral;covid-19;covid-19 vaccines;female;humans;middle aged;sars-cov-2;vaccination
34958181	animals;china;covid-19;sars-cov-2
34958284	covid-19;hiv infections;humans;pandemics;sars-cov-2
34958526	antibodies, viral;covid-19;humans;immunoglobulin g;vaccination
34962356	covid-19;humans;sars-cov-2
34966387	animals;antibodies, monoclonal;antibodies, neutralizing;antibodies, viral;covid-19 drug treatment;hek293 cells;humans;immunization, passive;mice;sars-cov-2
34976906	brazil;covid-19;education, distance;humans;pandemics;primary health care;sars-cov-2
34976910	china;female;hospitals;humans;male
34986676	adult;antibodies, viral;covid-19;female;humans;immunoglobulin g;pandemics;sars-cov-2
34988861	covid-19;hospitals, university;humans;pandemics;referral and consultation
34991778	covid-19;covid-19 vaccines;france;humans;sars-cov-2;vaccination
35002970	aged;covid-19;female;hospitalization;humans;male;prospective studies;sars-cov-2;treatment outcome
35006537	bnt162 vaccine;covid-19;covid-19 vaccines;follow-up studies;health personnel;humans;italy;rna, messenger;sars-cov-2
35008505	aged;antiviral agents;cell line;covid-19;covid-19 drug treatment;female;humans;hydroxychloroquine;male;middle aged;obesity;risk factors
35008724	molecular dynamics simulation;sars-cov-2
35010471	attitude of health personnel;covid-19;cross-sectional studies;humans;sars-cov-2;surveys and questionnaires
35011641	covid-19;gene expression regulation;genome, viral;humans;pandemics;sars-cov-2
35013191	antibodies, neutralizing;antibodies, viral;bnt162 vaccine;covid-19;cytokines;follow-up studies;humans;immunoglobulin g;sars-cov-2;spike glycoprotein, coronavirus;t-lymphocytes;time factors;vaccination
35015739	covid-19;health services accessibility;hiv infections;humans;inflammation;sars-cov-2
35015782	adolescent;adult;age factors;aged;aged, 80 and over;comorbidity;covid-19;female;hospital mortality;hospitalization;humans;male;middle aged;retrospective studies;sars-cov-2;sex factors;young adult
35030101	antibodies, viral;covid-19 vaccines;humans;sars-cov-2;t-lymphocytes
35030205	adult;aged;aged, 80 and over;covid-19;female;hospital mortality;humans;male;middle aged;respiration, artificial;treatment outcome;young adult
35032051	covid-19;cross-sectional studies;humans;pandemics;surveys and questionnaires;united states
35046607	communicable disease control;covid-19;humans;quarantine;time factors
35051130	humans;sars-cov-2
35051664	covid-19;cross-sectional studies;humans;sars-cov-2
35055602	covid-19;humans;pandemics;sars-cov-2
35063714	adult;aged;child;covid-19;humans;sars-cov-2
35066705	angiotensin-converting enzyme 2;covid-19;cytokines;humans;inflammation;sars-cov-2
35073855	child;covid-19;humans;infant;male;middle aged;pandemics;prospective studies;sars-cov-2
35078495	covid-19;humans;sars-cov-2
35079784	adult;aged;antibodies, viral;antibody formation;covid-19;covid-19 vaccines;humans;sars-cov-2;vaccination
35086121	adolescent;child;covid-19;humans;sars-cov-2;sleep
35087975	adult;covid-19;humans;male;sars-cov-2;tertiary care centers
35096642	angiotensin-converting enzyme 2;cell line;covid-19 drug treatment;humans;peptidyl-dipeptidase a;sars-cov-2
35114577	humans
35122732	covid-19;humans;sars-cov-2
35123395	aged;brazil;covid-19;covid-19 testing;humans;middle aged;sars-cov-2
35124470	covid-19;humans;pandemics;sars-cov-2;tertiary care centers
35126030	covid-19;humans;mental health;mental health services;sars-cov-2
35128648	biomarkers;covid-19;humans;prognosis;prospective studies;retrospective studies
35134561	aged;covid-19;humans;prevalence;sars-cov-2
35135773	covid-19;humans;pandemics;rna, viral;sars-cov-2;severity of illness index
35142233	adult;aged;covid-19;humans;pandemics;primary health care;sars-cov-2;vaccination;young adult
35146922	child;child, preschool;covid-19;disease outbreaks;humans;physical distancing;sars-cov-2;schools
35149232	covid-19;covid-19 vaccines;female;humans;male;pandemics;pregnancy;sars-cov-2;vaccines
35151081	covid-19;humans;rna, viral;sars-cov-2;sensitivity and specificity
35151823	covid-19;covid-19 vaccines;humans;pneumonia, viral;sars-cov-2
35151856	animals;covid-19;humans;pandemics;surveys and questionnaires
35165771	covid-19;hiv infections;humans
35169259	covid-19;humans;post-acute covid-19 syndrome;sars-cov-2
35170714	covid-19;humans;sars-cov-2
35175442	cohort studies;covid-19;delivery of health care;humans;pandemics;sars-cov-2
35177037	covid-19;diabetes mellitus;humans;pandemics;primary health care;sars-cov-2
35178468	covid-19;humans;middle aged;pandemics;sars-cov-2
35184735	covid-19;humans;internet;pandemics;sars-cov-2;travel;united states
35195025	covid-19;humans;pandemics;sars-cov-2;surveys and questionnaires
35197179	bayes theorem;china;communicable disease control;covid-19;humans;incidence;sars-cov-2
35199310	covid-19;humans
35206163	child;covid-19;ethnicity;female;humans;infant, newborn;mental health;minority groups;pandemics;pregnancy;sars-cov-2
35206434	adolescent;adult;aged;aged, 80 and over;child;child, preschool;covid-19;exercise;humans;middle aged;pandemics;sars-cov-2;self report;young adult
35216301	animals;binding sites;chlorocebus aethiops;covid-19 vaccines;female;hek293 cells;humans;mice;protein domains;spike glycoprotein, coronavirus;vero cells
35220656	biomedical research;covid-19;humans;pandemics;sars-cov-2
35222989	covid-19;education, distance;humans;pandemics;sars-cov-2;schools;students
35233780	australia;communicable disease control;covid-19;humans;pandemics;students
35236317	covid-19;cross-sectional studies;hospitalization;humans;infant, newborn;pandemics;sars-cov-2;tertiary care centers
35246082	adolescent;adult;covid-19;covid-19 vaccines;humans;sars-cov-2;united kingdom;vaccination;young adult
35247550	aged, 80 and over;covid-19;humans;male;mutation;rna, viral;sars-cov-2
35252081	covid-19;covid-19 vaccines;cross-sectional studies;ethnicity;humans;sars-cov-2;self report;vaccination
35255100	angiotensin-converting enzyme 2;animals;covid-19;lung;sars-cov-2
35259642	adult;covid-19;covid-19 vaccines;cross-sectional studies;female;humans;intention;pandemics;sars-cov-2;united kingdom
35260957	covid-19;covid-19 vaccines;delivery of health care;health personnel;humans;united states;vaccination;vaccines
35263375	adult;covid-19;covid-19 vaccines;cross-sectional studies;female;health personnel;humans;male;sars-cov-2;surveys and questionnaires;vaccination
35265332	animals;antiviral agents;covid-19;female;humans;pandemics;sars-cov-2
35267053	adult;covid-19;ethnicity;female;humans;male;mental health;minority groups;pandemics;sars-cov-2
35270760	child;covid-19;exercise;humans;pandemics;sars-cov-2;schools
35272613	covid-19;hospitalization;humans;sars-cov-2
35282893	angiotensin-converting enzyme 2;animals;covid-19;humans;mice;sars-cov-2;spike glycoprotein, coronavirus
35287838	covid-19;humans
35289365	aged;covid-19;female;hospitals;humans;male;middle aged
35291048	covid-19;humans;pandemics;students, medical
35294728	anxiety;covid-19;humans;post-acute covid-19 syndrome;sars-cov-2
35304067	covid-19;female;humans;pregnancy;sars-cov-2
35305625	covid-19;delivery of health care;humans;pandemics
35312380	cohort studies;covid-19;humans;prospective studies
35313091	cohort studies;covid-19;covid-19 testing;deep learning;humans;sars-cov-2
35317712	covid-19;curriculum;humans;pandemics
35320487	covid-19;humans;hypertension;male;sars-cov-2
35332047	cohort studies;covid-19;humans;neoplasms;pandemics;primary health care
35332270	angiotensin-converting enzyme 2;covid-19;humans;sars-cov-2;spike glycoprotein, coronavirus;virus internalization
35344118	covid-19;humans;japan;pandemics;retrospective studies;sars-cov-2
35352012	child;covid-19;disease progression;humans;pandemics
35353955	adult;covid-19;fear;humans;reproducibility of results;sars-cov-2
35355988	antibodies, viral;covid-19;covid-19 serotherapy;humans;immunization, passive;immunoglobulin g;sars-cov-2;spike glycoprotein, coronavirus
35356264	communicable disease control;covid-19;depression;female;humans;longitudinal studies;pandemics;pregnancy;social support
35358238	cohort studies;covid-19;hospital mortality;hospitals;humans;intensive care units;pandemics;prospective studies
35358722	covid-19;hospital mortality;humans;intensive care units;prognosis;retrospective studies
35366438	covid-19;humans;pandemics;respiration, artificial;sars-cov-2
35370005	angiotensin-converting enzyme 2;antibodies, monoclonal;antibodies, neutralizing;covid-19;covid-19 vaccines;humans;molecular dynamics simulation;mutation;sars-cov-2;spike glycoprotein, coronavirus
35380101	antibodies, monoclonal;antibodies, neutralizing;antibodies, viral;covid-19;humans;sars-cov-2;spike glycoprotein, coronavirus
35380165	attitude of health personnel;covid-19;health personnel;humans;pandemics
35383994	covid-19;humans;retrospective studies;sars-cov-2
35384599	covid-19;humans;mutation;sars-cov-2
35397002	child;covid-19;cross-sectional studies;humans;male;sars-cov-2
35411692	covid-19 drug treatment;humans;pandemics
35421155	covid-19;fear;health personnel;hospitals, university;humans;japan;sars-cov-2
35437697	anxiety;child;covid-19;covid-19 testing;cross-sectional studies;depression;humans;sars-cov-2;self report;surveys and questionnaires;young adult
35439249	covid-19;humans;pandemics;personal protective equipment
35440094	adult;covid-19;female;humans;pandemics;pregnancy;sars-cov-2;young adult
35441801	covid-19;diabetes mellitus;female;hospitals;humans;male;middle aged;prospective studies;respiration, artificial;retrospective studies;sars-cov-2
35441967	covid-19;humans;rna, viral;sars-cov-2;schools
35444637	covid-19 drug treatment;humans
35448162	antibodies, monoclonal;antibodies, neutralizing;antibodies, viral;covid-19;humans;retrospective studies;sars-cov-2
35458549	antiviral agents;covid-19 drug treatment;humans;sars-cov-2;virus internalization
35464749	china;covid-19;humans;pandemics;sars-cov-2
35465974	antibodies, neutralizing;antibodies, viral;covid-19;humans;sars-cov-2
35482656	covid-19;delivery of health care;humans;pandemics
35487371	child;covid-19;humans;sars-cov-2
35503234	covid-19;covid-19 vaccines;cross-sectional studies;health personnel;humans;pandemics
35507290	covid-19;humans;male;middle aged;sars-cov-2
35512712	covid-19;covid-19 vaccines;humans;risk factors;sars-cov-2;vaccination
35538060	covid-19;covid-19 vaccines;female;humans;infant, newborn;pregnancy;rna, messenger;sars-cov-2;vaccination
35564648	covid-19;humans;molecular docking simulation;sars-cov-2
35565040	contact tracing;covid-19;humans;pandemics;risk assessment
35568022	covid-19;humans
35578330	communicable disease control;covid-19;covid-19 testing;covid-19 vaccines;humans;pandemics;public health;sars-cov-2;turkey
35583298	covid-19;humans;pandemics
35584232	covid-19;humans;pandemics;public health;rna, viral;sars-cov-2;sensitivity and specificity
35588736	bnt162 vaccine;humans;vaccination
35592326	antibodies, viral;covid-19;humans;pandemics;sars-cov-2
35597776	adult;antibodies, viral;antibody formation;covid-19;covid-19 vaccines;humans;sars-cov-2;vaccination
